match_id,date,venue,team1,team2,stage,toss_winner,toss_decision,first_ings_score,first_ings_wkts,second_ings_score,second_ings_wkts,match_result,match_winner,wb_runs,wb_wickets,balls_left,player_of_the_match,top_scorer,highscore,best_bowling,best_bowling_figure,super_over_match
1,"March 28, 2026","M. Chinnaswamy Stadium, Bangalore",RCB,SRH,League,RCB,Bowl,201.0,9.0,203.0,4.0,completed,RCB,,6.0,26.0,Jacob Duffy,Ishan Kishan,80.0,Jacob Duffy,3--22,No
2,"March 29, 2026","Wankhede Stadium, Mumbai",MI,KKR,League,MI,Bowl,220.0,4.0,224.0,4.0,completed,MI,,6.0,5.0,Shardul Thakur,Ryan Rickelton,81.0,Shardul Thakur,3--39,No
3,"March 30, 2026","Barsapara Stadium, Guwahati",RR,CSK,League,RR,Bowl,127.0,10.0,128.0,2.0,completed,RR,,8.0,47.0,Nandre Burger,Vaibhav Sooryavanshi,52.0,Jofra Archer,2--19,No
4,"March 31, 2026","New PCA Cricket Stadium, Mullanpur",PBKS,GT,League,PBKS,Bowl,162.0,6.0,165.0,7.0,completed,PBKS,,3.0,5.0,Cooper Connolly,Cooper Connolly,72.0,Prasidh Krishna,3--29,No
5,"April 01, 2026","Ekana Cricket Stadium, Lucknow",LSG,DC,League,DC,Bowl,141.0,10.0,145.0,4.0,completed,DC,,6.0,17.0,Sameer Rizvi,Sameer Rizvi,70.0,Lungi Ngidi,3--27,No
6,"April 02, 2026","Eden Gardens, Kolkata",KKR,SRH,League,KKR,Bowl,226.0,8.0,161.0,10.0,completed,SRH,65.0,,24.0,Nitish Kumar Reddy,Angkrish Raghuvanshi,52.0,Blessing Muzarabani,4--41,No
7,"April 03, 2026","MA Chidambaram Stadium, Chennai",CSK,PBKS,League,PBKS,Bowl,209.0,5.0,210.0,5.0,completed,PBKS,,5.0,8.0,Priyansh Arya,Ayush Matre,73.0,Vijaykumar Vyshak,2--38,No
8,"April 04, 2026","Arun Jaitley Stadium, Delhi",DC,MI,League,DC,Bowl,162.0,6.0,164.0,4.0,completed,DC,,6.0,11.0,Sameer Rizvi,Sameer Rizvi,90.0,Mukesh Kumar,2--26,No
9,"April 04, 2026","Narendra Modi Stadium, Ahmedabad",GT,RR,League,RR,Bat,210.0,6.0,204.0,8.0,completed,RR,6.0,,0.0,Ravi Bishnoi,Dhruv Jurel,75.0,Ravi Bishnoi,4--41,No
10,"April 05, 2026","Rajiv Gandhi International Stadium, Hyderabad",SRH,LSG,League,LSG,Bowl,156.0,9.0,160.0,5.0,completed,LSG,,5.0,1.0,Mohammed Shami,Rishabh Pant,68.0,Mohammed Shami,2--9,No
11,"April 05, 2026","M. Chinnaswamy Stadium, Bangalore",RCB,CSK,League,CSK,Bowl,250.0,3.0,207.0,10.0,completed,RCB,43.0,,2.0,Tim David,Tim David,70.0,Bhuvneshwar Kumar,3--41,No
12,"April 06, 2026","Eden Gardens, Kolkata",KKR,PBKS,League,KKR,Bat,,,,,abandoned,,,,,,,,,,No
13,"April 07, 2026","Barsapara Stadium, Guwahati",RR,MI,League,MI,Bowl,150.0,3.0,123.0,9.0,completed,RR,27.0,,0.0,Yashasvi Jaiswal,Yashasvi Jaiswal,77.0,Sandeep Sharma,2--26,No
14,"April 08, 2026","Arun Jaitley Stadium, Delhi",DC,GT,League,DC,Bowl,210.0,4.0,209.0,8.0,completed,GT,1.0,,0.0,Rashid Khan,KL Rahul,92.0,Rashid Khan,3--17,No
15,"April 09, 2026","Eden Gardens, Kolkata",KKR,LSG,League,LSG,Bowl,181.0,4.0,182.0,7.0,completed,LSG,,3.0,0.0,Mukul Choudhary,Mukul Choudhary,54.0,Anukul Roy,2--32,No
16,"April 10, 2026","Barsapara Stadium, Guwahati",RR,RCB,League,RR,Bowl,201.0,8.0,202.0,4.0,completed,RR,,6.0,12.0,Vaibhav Sooryavanshi,Dhruv Jurel,81.0,Krunal Pandya,2--30,No
17,"April 11, 2026","New PCA Cricket Stadium, Mullanpur",PBKS,SRH,League,PBKS,Bowl,219.0,6.0,223.0,4.0,completed,PBKS,,6.0,7.0,Shreyas Iyer,Abhishek Sharma,74.0,Shivang Kumar,3--33,No
18,"April 11, 2026","MA Chidambaram Stadium, Chennai",CSK,DC,League,DC,Bowl,212.0,2.0,189.0,10.0,completed,CSK,23.0,,0.0,Sanju Samson,Sanju Samson,115.0,Jamie Overton,4--18,No
19,"April 12, 2026","Ekana Cricket Stadium, Lucknow",LSG,GT,League,GT,Bowl,164.0,8.0,165.0,3.0,completed,GT,,7.0,8.0,Prasidh Krishna,Jos Buttler,60.0,Prasidh Krishna,4--28,No
20,"April 12, 2026","Wankhede Stadium, Mumbai",MI,RCB,League,MI,Bowl,240.0,4.0,222.0,5.0,completed,RCB,18.0,,0.0,Phil Salt,Phil Salt,78.0,Suyash Sharma,2--47,No
21,"April 13, 2026","Rajiv Gandhi International Stadium, Hyderabad",SRH,RR,League,RR,Bowl,216.0,6.0,159.0,10.0,completed,SRH,57.0,,6.0,Praful Hinge,Ishan Kishan,91.0,Sakib Hussain,4--24,No
22,"April 14, 2026","MA Chidambaram Stadium, Chennai",CSK,KKR,League,KKR,Bowl,192.0,5.0,160.0,7.0,completed,CSK,32.0,,0.0,Noor Ahmad,Sanju Samson,48.0,Noor Ahmad,3--21,No
23,"April 15, 2026","M. Chinnaswamy Stadium, Bangalore",RCB,LSG,League,RCB,Bowl,146.0,10.0,149.0,5.0,completed,RCB,,5.0,29.0,Josh Hazlewood,Virat Kohli,49.0,Rasikh Salam,4--24,No
24,"April 16, 2026","Wankhede Stadium, Mumbai",MI,PBKS,League,PBKS,Bowl,195.0,6.0,198.0,3.0,completed,PBKS,,7.0,21.0,Arshdeep Singh,Quinton de Kock,112.0,Arshdeep Singh,3--22,No
25,"April 17, 2026","Narendra Modi Stadium, Ahmedabad",GT,KKR,League,KKR,Bat,180.0,10.0,181.0,5.0,completed,GT,,5.0,2.0,Shubman Gill,Shubman Gill,86.0,Kagiso Rabada,3--29,No
26,"April 18, 2026","M. Chinnaswamy Stadium, Bangalore",RCB,DC,League,DC,Bowl,175.0,8.0,179.0,4.0,completed,DC,,6.0,1.0,Tristan Stubbs,Phil Salt,63.0,Bhuvneshwar Kumar,3--26,No
27,"April 18, 2026","Rajiv Gandhi International Stadium, Hyderabad",SRH,CSK,League,CSK,Bowl,194.0,9.0,184.0,8.0,completed,SRH,10.0,,0.0,Eshan Malinga,Abhishek Sharma,59.0,Eshan Malinga,3--29,No
28,"April 19, 2026","Eden Gardens, Kolkata",KKR,RR,League,RR,Bat,155.0,9.0,161.0,6.0,completed,KKR,,4.0,2.0,Varun Chakravarthy,Rinku Singh,53.0,Varun Chakravarthy,3--14,No
29,"April 19, 2026","New PCA Cricket Stadium, Mullanpur",PBKS,LSG,League,LSG,Bowl,254.0,7.0,200.0,5.0,completed,PBKS,54.0,,0.0,Priyansh Arya,Priyansh Arya,93.0,Prince Yadav,2--25,No
30,"April 20, 2026","Narendra Modi Stadium, Ahmedabad",GT,MI,League,GT,Bowl,199.0,5.0,100.0,10.0,completed,MI,99.0,,25.0,Tilak Varma,Tilak Varma,101.0,Ashwani Kumar,4--24,No
31,"April 21, 2026","Rajiv Gandhi International Stadium, Hyderabad",SRH,DC,League,DC,Bowl,242.0,2.0,195.0,9.0,completed,SRH,47.0,,0.0,Abhishek Sharma,Abhishek Sharma,135.0,Eshan Malinga,4--32,No
32,"April 22, 2026","Ekana Cricket Stadium, Lucknow",LSG,RR,League,LSG,Bowl,159.0,6.0,119.0,10.0,completed,LSG,40.0,,12.0,Ravindra Jadeja,Mitchell Marsh,55.0,Jofra Archer,3--20,No
33,"April 23, 2026","Wankhede Stadium, Mumbai",MI,CSK,League,MI,Bowl,207.0,6.0,104.0,10.0,completed,CSK,103.0,,6.0,Sanju Samson,Sanju Samson,101.0,Akeal Hosein,4--17,No
34,"April 24, 2026","M. Chinnaswamy Stadium, Bangalore",RCB,GT,League,RCB,Bowl,205.0,3.0,206.0,5.0,completed,RCB,,5.0,7.0,Virat Kohli,Sai Sudarshan,100.0,Rashid Khan,2--49,No
35,"April 25, 2026","Arun Jaitley Stadium, Delhi",DC,PBKS,League,DC,Bat,264.0,2.0,265.0,4.0,completed,PBKS,,6.0,7.0,KL Rahul,KL Rahul,152.0,Kuldeep Yadav,2--46,No
36,"April 25, 2026","Sawai Mansingh Stadium, Jaipur",RR,SRH,League,SRH,Bowl,228.0,6.0,229.0,5.0,completed,SRH,,5.0,9.0,Ishan Kishan,Vaibhav Sooryavanshi,103.0,Jofra Archer,2--34,No
37,"April 26, 2026","Narendra Modi Stadium, Ahmedabad",GT,CSK,League,GT,Bowl,158.0,7.0,162.0,2.0,completed,GT,,8.0,20.0,Kagiso Rabada,Sai Sudarshan,87.0,Kagiso Rabada,3--25,No
38,"April 26, 2026","Ekana Cricket Stadium, Lucknow",LSG,KKR,League,LSG,Bowl,155.0,7.0,155.0,8.0,completed,KKR,,,5.0,Rinku Singh,Rinku Singh,83.0,Mohsin Khan,5--23,Yes
39,"April 27, 2026","Arun Jaitley Stadium, Delhi",DC,RCB,League,RCB,Bowl,75.0,10.0,77.0,1.0,completed,RCB,,9.0,81.0,Josh Hazlewood,Devdutt Padikkal,34.0,Josh Hazlewood,4--12,No
40,"April 28, 2026","New PCA Cricket Stadium, Mullanpur",PBKS,RR,League,PBKS,Bowl,222.0,4.0,228.0,4.0,completed,RR,,6.0,5.0,Vaibhav Sooryavanshi,Vaibhav Sooryavanshi,103.0,Jofra Archer,3--34,No
41,"April 29, 2026","Wankhede Stadium, Mumbai",MI,SRH,League,MI,Bat,243.0,5.0,249.0,4.0,completed,SRH,,6.0,5.0,Travis Head,Travis Head,87.0,Eshan Malinga,3--38,No
42,"April 30, 2026","M. Chinnaswamy Stadium, Bangalore",RCB,GT,League,GT,Bowl,205.0,6.0,209.0,5.0,completed,RCB,,5.0,9.0,Virat Kohli,Virat Kohli,68.0,Kagiso Rabada,2--39,No
43,"April 30, 2026","Sawai Mansingh Stadium, Jaipur",RR,DC,League,RR,Bowl,225.0,6.0,226.0,3.0,completed,DC,,7.0,5.0,Axar Patel,Prithvi Shaw,72.0,Jofra Archer,2--28,No
44,"May 01, 2026","Wankhede Stadium, Mumbai",MI,LSG,League,MI,Bat,228.0,5.0,229.0,4.0,completed,LSG,,4.0,11.0,Rishabh Pant,Rishabh Pant,84.0,Jasprit Bumrah,3--29,No
45,"May 02, 2026","M. Chinnaswamy Stadium, Bangalore",RCB,KKR,League,RCB,Bowl,192.0,4.0,194.0,4.0,completed,RCB,,6.0,5.0,Virat Kohli,Virat Kohli,73.0,Josh Hazlewood,3--28,No
46,"May 02, 2026","Rajiv Gandhi International Stadium, Hyderabad",SRH,PBKS,League,SRH,Bowl,168.0,5.0,86.0,10.0,completed,SRH,82.0,,0.0,Pat Cummins,Abhishek Sharma,77.0,Pat Cummins,3--14,No
47,"May 03, 2026","M. A. Chidambaram Stadium, Chennai",GT,CSK,League,CSK,Bowl,229.0,4.0,140.0,10.0,completed,GT,89.0,,38.0,Sai Sudarshan,Sai Sudarshan,95.0,Mohammed Siraj,3--18,No
48,"May 03, 2026","Eden Gardens, Kolkata",KKR,DC,League,DC,Bowl,200.0,8.0,205.0,4.0,completed,DC,,4.0,1.0,Mitchell Marsh,Mitchell Marsh,76.0,Varun Chakravarthy,2--31,No
49,"May 04, 2026","Ekana Cricket Stadium, Lucknow",LSG,RR,League,RR,Bowl,187.0,5.0,188.0,3.0,completed,RR,,7.0,20.0,Yashasvi Jaiswal,Yashasvi Jaiswal,74.0,Ravi Bishnoi,2--26,No
50,"May 04, 2026","Wankhede Stadium, Mumbai",MI,RCB,League,RCB,Bowl,166.0,7.0,167.0,8.0,completed,RCB,,2.0,5.0,Rasikh Salam,Virat Kohli,52.0,Rasikh Salam,3--31,No
51,"May 05, 2026","Rajiv Gandhi International Stadium, Hyderabad",SRH,KKR,League,KKR,Bowl,165.0,9.0,169.0,3.0,completed,KKR,,7.0,21.0,Sunil Narine,Rinku Singh,65.0,Sunil Narine,3--22,No
52,"May 05, 2026","Arun Jaitley Stadium, Delhi",DC,PBKS,League,DC,Bat,210.0,5.0,216.0,7.0,completed,PBKS,,3.0,6.0,Shreyas Iyer,Shreyas Iyer,88.0,Arshdeep Singh,3--36,No
53,"May 06, 2026","M. A. Chidambaram Stadium, Chennai",CSK,MI,League,MI,Bowl,159.0,7.0,160.0,2.0,completed,CSK,,8.0,11.0,Sanju Samson,Sanju Samson,79.0,Akeal Hosein,3--28,No
54,"May 07, 2026","Narendra Modi Stadium, Ahmedabad",GT,RR,League,RR,Bowl,229.0,4.0,152.0,10.0,completed,GT,77.0,,38.0,Rashid Khan,B Sai Sudarshan,85.0,Jofra Archer,4--32,No
55,"May 07, 2026","Arun Jaitley Stadium, Delhi",DC,MI,League,DC,Bowl,155.0,7.0,159.0,2.0,completed,DC,,8.0,17.0,Axar Patel,Prithvi Shaw,71.0,Kuldeep Yadav,3--24,No
56,"May 08, 2026","M. Chinnaswamy Stadium, Bangalore",RCB,LSG,League,RCB,Bowl,209.0,3.0,203.0,6.0,completed,RCB,,5.0,9.0,Rajat Patidar,Rajat Patidar,84.0,Josh Hazlewood,2--33,No
57,"May 08, 2026","Eden Gardens, Kolkata",KKR,MI,League,MI,Bowl,200.0,8.0,205.0,4.0,completed,KKR,,4.0,1.0,Cameron Green,Cameron Green,78.0,Varun Chakravarthy,3--32,No
58,"May 09, 2026","HPCA Cricket Stadium, Dharamshala",PBKS,GT,League,GT,Bat,193.0,8.0,197.0,5.0,completed,PBKS,,5.0,5.0,Priyansh Arya,Priyansh Arya,77.0,Arshdeep Singh,3--38,No
59,"May 09, 2026","Rajiv Gandhi International Stadium, Hyderabad",SRH,LSG,League,SRH,Bat,180.0,7.0,181.0,5.0,completed,LSG,,5.0,6.0,Rishabh Pant,Rishabh Pant,68.0,Ravi Bishnoi,2--23,No
60,"May 10, 2026","M. Chinnaswamy Stadium, Bangalore",RCB,SRH,League,RCB,Bowl,255.0,4.0,200.0,4.0,completed,RCB,55.0,,0.0,Rajat Patidar,Rajat Patidar,95.0,Bhuvneshwar Kumar,3--29,No
61,"May 11, 2026","Eden Gardens, Kolkata",KKR,GT,League,KKR,Bat,247.0,2.0,218.0,4.0,completed,KKR,29.0,,0.0,Cameron Green,Cameron Green,103.0,Varun Chakravarthy,3--28,No
62,"May 12, 2026","HPCA Cricket Stadium, Dharamshala",PBKS,SRH,League,PBKS,Bowl,222.0,4.0,199.0,8.0,completed,PBKS,,6.0,6.0,Arshdeep Singh,Quinton de Kock,89.0,Arshdeep Singh,3--27,No
63,"May 12, 2026","Ekana Cricket Stadium, Lucknow",LSG,CSK,League,LSG,Bowl,203.0,8.0,208.0,5.0,completed,LSG,,5.0,5.0,Rishabh Pant,Ruturaj Gaikwad,71.0,Prince Yadav,3--36,No
64,"May 13, 2026","Sawai Mansingh Stadium, Jaipur",RR,MI,League,RR,Bowl,205.0,8.0,175.0,9.0,completed,RR,30.0,,5.0,Vaibhav Sooryavanshi,Vaibhav Sooryavanshi,96.0,Jofra Archer,3--24,No
65,"May 14, 2026","Narendra Modi Stadium, Ahmedabad",GT,DC,League,DC,Bat,210.0,4.0,209.0,8.0,completed,GT,1.0,,0.0,Shubman Gill,Shubman Gill,93.0,Kagiso Rabada,3--30,No
66,"May 15, 2026","Rajiv Gandhi International Stadium, Hyderabad",SRH,RCB,League,SRH,Bowl,255.0,4.0,200.0,4.0,completed,SRH,55.0,,0.0,Abhishek Sharma,Abhishek Sharma,92.0,Sakib Hussain,3--28,No
67,"May 16, 2026","New PCA Cricket Stadium, Mullanpur",PBKS,DC,League,DC,Bowl,210.0,5.0,216.0,7.0,completed,DC,,3.0,6.0,Prithvi Shaw,Prithvi Shaw,77.0,Kuldeep Yadav,2--31,No
68,"May 17, 2026","Sawai Mansingh Stadium, Jaipur",RR,GT,League,RR,Bat,163.0,9.0,167.0,6.0,completed,GT,,4.0,5.0,Shubman Gill,Shubman Gill,82.0,Rashid Khan,3--18,No
69,"May 18, 2026","M. Chinnaswamy Stadium, Bangalore",RCB,PBKS,League,PBKS,Bowl,222.0,4.0,199.0,8.0,completed,RCB,23.0,,0.0,Rajat Patidar,Virat Kohli,88.0,Bhuvneshwar Kumar,3--24,No
70,"May 19, 2026","Eden Gardens, Kolkata",KKR,RR,League,RR,Bowl,155.0,8.0,148.0,6.0,completed,KKR,,4.0,8.0,Rinku Singh,Rinku Singh,64.0,Varun Chakravarthy,3--21,No
71,"May 26, 2026","HPCA Cricket Stadium, Dharamshala",RCB,GT,Qualifier 1,GT,Bowl,254.0,5.0,162.0,10.0,completed,RCB,92.0,,3.0,Rajat Patidar,Rajat Patidar,93.0,Jacob Duffy,3--39,No
72,"May 27, 2026","Maharaja Yadavindra Singh International Cricket Stadium, Mullanpur",RR,SRH,Eliminator,SRH,Bowl,243.0,8.0,196.0,10.0,completed,RR,47.0,,5.0,Vaibhav Sooryavanshi,Vaibhav Sooryavanshi,97.0,Jofra Archer,3--32,No
73,"May 29, 2026","Maharaja Yadavindra Singh International Cricket Stadium, Mullanpur",RR,GT,Qualifier 2,RR,Bat,214.0,6.0,219.0,3.0,completed,GT,,7.0,8.0,Shubman Gill,Shubman Gill,104.0,Jofra Archer,1--45,No
74,"May 31, 2026","Narendra Modi Stadium, Ahmedabad",RCB,GT,Final,RCB,Bowl,155.0,8.0,161.0,5.0,completed,RCB,,5.0,12.0,Virat Kohli,Virat Kohli,75.0,Rasikh Salam,3--27,No
